<?xml version="1.0" encoding="utf-8"?><FinishFeatureDefinitions Version="1">
	<Type Id="MaterialCoating"> <!-- DO NOT TRANSLATE -->
		<Process Name="Zn8/An"> <!-- DO NOT TRANSLATE -->
			<Appearance>Zinc</Appearance> <!-- DO NOT TRANSLATE -->
			<Description>Grosor de zinc de 8 μm, pasividad transparente</Description>
			<ShortDescription>Zn8/An</ShortDescription>
			<Thickness>8 micrón</Thickness>
			<Comment></Comment>
		</Process>
		<Process Name="Zn12/Cn/T2"> <!-- DO NOT TRANSLATE -->
			<Appearance>Turquoise</Appearance> <!-- DO NOT TRANSLATE -->
			<Description>Grosor de zinc 12 μm, revestimiento de conversión irlandés, con sellador</Description>
			<ShortDescription>Zn12/Cn/T2</ShortDescription>
			<Thickness>12 micrón</Thickness>
			<Comment></Comment>
		</Process>
		<Process Name="ZnNi8/An"> <!-- DO NOT TRANSLATE -->
			<Appearance>Yellow</Appearance> <!-- DO NOT TRANSLATE -->
			<Description>Espesor de aleación de cinc-níquel 8 μm, pasividad negra</Description>
			<ShortDescription>ZnNi8/An</ShortDescription>
			<Thickness>8 micrón</Thickness>
			<Comment></Comment>
		</Process>
	</Type>
	<Type Id="HeatTreatment"> <!-- DO NOT TRANSLATE -->
		<Process Name="Carburize .040 - .030"> <!-- DO NOT TRANSLATE -->
			<Appearance>Anodized - Black</Appearance> <!-- DO NOT TRANSLATE -->
			<Description>Carburizado 0,040 - 0,030, temperatura 1 hora min a 350F min, HRC 55-60</Description>
			<ShortDescription>Carburizado 0,040 - 0,030</ShortDescription>
			<Depth>30 micrón</Depth>
			<Hardness>60 HRC</Hardness>
			<Comment></Comment>
		</Process>
		<Process Name="Case Hardening 41-45HRC"> <!-- DO NOT TRANSLATE -->
			<Appearance>Dark Green</Appearance> <!-- DO NOT TRANSLATE -->
			<Description>Caso templado 3,00 mm, 41-45 HRC</Description>
			<ShortDescription>Caso de endurecimiento 41-45HRC</ShortDescription>
			<Depth>3,00 mm</Depth>
			<Hardness>45 HRC</Hardness>
			<Comment></Comment>
		</Process>
		<Process Name="Soft Annealing 225HB"> <!-- DO NOT TRANSLATE -->
			<Appearance>Dark Olive</Appearance> <!-- DO NOT TRANSLATE -->
			<Description>Templado suave 225HB</Description>
			<ShortDescription>Templado suave 225HB</ShortDescription>
			<Depth>0 mm</Depth>
			<Hardness>225 HB</Hardness>
			<Comment></Comment>
		</Process>
		<Process Name="Case Hardening 55±5HRC"> <!-- DO NOT TRANSLATE -->
			<Appearance>Dark Red</Appearance> <!-- DO NOT TRANSLATE -->
			<Description>Caso endurecido 55±5HRC</Description>
			<ShortDescription>Caso endurecido 55±5HRC</ShortDescription>
			<Depth>3,00 mm</Depth>
			<Hardness>55 HRC</Hardness>
			<Comment></Comment>
		</Process>
	</Type>
	<Type Id="SurfaceTexture"> <!-- DO NOT TRANSLATE -->
		<Process Name="Barrel Finishing"> <!-- DO NOT TRANSLATE -->
			<Appearance>Blue - Wall Paint - Glossy</Appearance> <!-- DO NOT TRANSLATE -->
			<Description>Acabado en tambor</Description>
			<ShortDescription>Acabado en tambor</ShortDescription>
			<Comment></Comment>
		</Process>
		<Process Name="Grinding"> <!-- DO NOT TRANSLATE -->
			<Appearance>Smooth - Purple</Appearance> <!-- DO NOT TRANSLATE -->
			<Description>Rectificado</Description>
			<ShortDescription>Rectificado</ShortDescription>
			<Comment></Comment>
		</Process>
		<Process Name="Honing"> <!-- DO NOT TRANSLATE -->
			<Appearance>Smooth - White</Appearance> <!-- DO NOT TRANSLATE -->
			<Description>Bruñido</Description>
			<ShortDescription>Bruñido</ShortDescription>
			<Comment></Comment>
		</Process>
		<Process Name="Lapping"> <!-- DO NOT TRANSLATE -->
			<Appearance>Smooth - Yellow</Appearance> <!-- DO NOT TRANSLATE -->
			<Description>Lapeado</Description>
			<ShortDescription>Lapeado</ShortDescription>
			<Comment></Comment>
		</Process>
		<Process Name="Polishing"> <!-- DO NOT TRANSLATE -->
			<Appearance>Smooth - Dark Forest Green</Appearance> <!-- DO NOT TRANSLATE -->
			<Description>Pulido</Description>
			<ShortDescription>Pulido</ShortDescription>
			<Comment></Comment>
		</Process>
		<Process Name="Superfinishing"> <!-- DO NOT TRANSLATE -->
			<Appearance>Flaked Satin - Blue</Appearance> <!-- DO NOT TRANSLATE -->
			<Description>Superacabado</Description>
			<ShortDescription>Superacabado</ShortDescription>
			<Comment></Comment>
		</Process>
	</Type>
	<Type Id="PaintColor"> <!-- DO NOT TRANSLATE -->
		<Process Name="Prime/Paint RAL 3018"> <!-- DO NOT TRANSLATE -->
			<Appearance>Red</Appearance> <!-- DO NOT TRANSLATE -->
			<Description>Prima/pintura RAL 3018</Description>
			<ShortDescription>RAL 3018</ShortDescription>
			<Thickness>50 micrón</Thickness>
			<Comment></Comment>
		</Process>
		<Process Name="Prime/Paint RAL 2008"> <!-- DO NOT TRANSLATE -->
			<Appearance>Orange</Appearance> <!-- DO NOT TRANSLATE -->
			<Description>Prima/pintura RAL 2008</Description>
			<ShortDescription>RAL 2008</ShortDescription>
			<Thickness>50 micrón</Thickness>
			<Comment></Comment>
		</Process>
		<Process Name="Prime/Paint RAL 6003"> <!-- DO NOT TRANSLATE -->
			<Appearance>Olive Green</Appearance> <!-- DO NOT TRANSLATE -->
			<Description>Prima/Pintura RAL 6003</Description>
			<ShortDescription>RAL 6003</ShortDescription>
			<Thickness>50 micrón</Thickness>
			<Comment></Comment>
		</Process>
	</Type>
</FinishFeatureDefinitions>